INSERT INTO brand (id_brand, brand) VALUES (16, 'Fiat*');
INSERT INTO brand (id_brand, brand) VALUES (17, 'VW*');
INSERT INTO brand (id_brand, brand) VALUES (18, 'Renault*');
INSERT INTO brand (id_brand, brand) VALUES (19, 'BMW*');
INSERT INTO brand (id_brand, brand) VALUES (20, 'Mercedes*');
INSERT INTO brand (id_brand, brand) VALUES (21, 'Jaguar*');
INSERT INTO brand (id_brand, brand) VALUES (22, 'AHonda*');
INSERT INTO brand (id_brand, brand) VALUES (23, 'Volvo*');
INSERT INTO brand (id_brand, brand) VALUES (24, 'Audi*');

INSERT INTO country (id_country, code, name) VALUES (1, 'SK', 'Slovensko');
INSERT INTO country (id_country, code, name) VALUES (2, 'CZ', 'Ceska republika');
INSERT INTO country (id_country, code, name) VALUES (3, 'D', 'Nemecko');
INSERT INTO country (id_country, code, name) VALUES (4, 'F', 'Francuzsko');
INSERT INTO country (id_country, code, name) VALUES (5, 'GB', 'Velka Britania');
INSERT INTO country (id_country, code, name) VALUES (6, 'PL', 'Polsko');
INSERT INTO country (id_country, code, name) VALUES (7, 'H', 'Madarsko');
INSERT INTO country (id_country, code, name) VALUES (8, 'AT', 'Rakusko');

INSERT INTO car (id_car, vin, brand, year, color, id_brand, price, car_date, car_datetime) VALUES (4, 'ee8a89d8', 'Fiat', '1987', 'MaroonWW', 16, 100000.00, null, '2015-04-16 15:40:23');
INSERT INTO car (id_car, vin, brand, year, color, id_brand, price, car_date, car_datetime) VALUES (5, '09a06548', 'VW', '1965', 'Cervena', 19, 123.11, '2015-03-10', '2015-03-22 01:00:00');
INSERT INTO car (id_car, vin, brand, year, color, id_brand, price, car_date, car_datetime) VALUES (6, '642b3edc', 'Renault', '1968', null, 18, 123.66, '2015-04-20', '2015-05-20 15:40:23');
INSERT INTO car (id_car, vin, brand, year, color, id_brand, price, car_date, car_datetime) VALUES (7, 'eae758fa', 'BMW', '1999', 'Yellow', 19, 444.77, '2015-05-23', '2015-06-22 20:40:45');
INSERT INTO car (id_car, vin, brand, year, color, id_brand, price, car_date, car_datetime) VALUES (8, '19ec7580', 'Renault', '1981', 'Black', 17, 2665768.88, null, '2015-04-16 15:40:23');
INSERT INTO car (id_car, vin, brand, year, color, id_brand, price, car_date, car_datetime) VALUES (9, '39980f30', 'VW', '1986', 'Red', 17, 3.00, '2015-02-15', null);
INSERT INTO car (id_car, vin, brand, year, color, id_brand, price, car_date, car_datetime) VALUES (10, 'ec9cc4e4', 'Fiat', '1981', 'Brown', 16, 3332211.10, '2015-02-15', '2015-04-16 15:40:23');
INSERT INTO car (id_car, vin, brand, year, color, id_brand, price, car_date, car_datetime) VALUES (11, '05c47246', 'Mercedes', '2007', 'Blue', 20, null, '2015-02-15', '2015-04-16 15:40:23');
INSERT INTO car (id_car, vin, brand, year, color, id_brand, price, car_date, car_datetime) VALUES (12, 'a9cb87aa', 'Fiat', '1962', 'Green', 16, 3998653.32, '2015-02-15', '2015-04-16 15:40:23');
INSERT INTO car (id_car, vin, brand, year, color, id_brand, price, car_date, car_datetime) VALUES (13, '1241c403', 'Jaguar', '1964', 'Yellow', 21, 4331874.43, '2015-02-15', '2015-04-16 15:40:23');
INSERT INTO car (id_car, vin, brand, year, color, id_brand, price, car_date, car_datetime) VALUES (14, '13f853a7', 'Honda', '2006', 'White', 22, 4665095.54, '2015-02-15', '2015-04-16 15:40:23');
INSERT INTO car (id_car, vin, brand, year, color, id_brand, price, car_date, car_datetime) VALUES (15, '447d9ed9', 'JaguarWW', '2005', 'Orange', 21, 4998316.65, '2015-02-15', '2015-04-16 15:40:23');
INSERT INTO car (id_car, vin, brand, year, color, id_brand, price, car_date, car_datetime) VALUES (16, '78fa052e', 'Jaguar', '1990', 'Orange', 21, 5331537.76, '2015-02-15', '2015-04-16 15:40:23');
INSERT INTO car (id_car, vin, brand, year, color, id_brand, price, car_date, car_datetime) VALUES (17, '23ba7e86', 'Honda', '1975', 'Yellow', 22, 5664758.87, '2015-02-15', '2015-04-16 15:40:23');
INSERT INTO car (id_car, vin, brand, year, color, id_brand, price, car_date, car_datetime) VALUES (18, '9bacb32d', 'Volvo', '1968', 'Brown', 23, 5997979.98, '2015-02-15', '2015-04-16 15:40:23');
INSERT INTO car (id_car, vin, brand, year, color, id_brand, price, car_date, car_datetime) VALUES (19, '8b77772a', 'Mercedes', '1991', 'Blue', 20, 6331201.09, '2015-02-15', '2015-04-16 15:40:23');
INSERT INTO car (id_car, vin, brand, year, color, id_brand, price, car_date, car_datetime) VALUES (20, '62094d91', 'Mercedes', '1962', 'Green', 20, 6664422.20, '2015-02-15', '2015-04-16 15:40:23');
INSERT INTO car (id_car, vin, brand, year, color, id_brand, price, car_date, car_datetime) VALUES (21, 'dc7003f4', 'Jaguar', '1976', 'Maroon', 21, 6997643.31, '2015-02-15', '2015-04-16 15:40:23');
INSERT INTO car (id_car, vin, brand, year, color, id_brand, price, car_date, car_datetime) VALUES (22, '08607aef', 'Mercedes', '1987', 'Maroon', 20, 7330864.42, '2015-02-15', '2015-04-16 15:40:23');
INSERT INTO car (id_car, vin, brand, year, color, id_brand, price, car_date, car_datetime) VALUES (23, '45eee33a', 'BMW', '1980', 'Silver', 19, 7664085.53, '2015-02-15', '2015-04-16 15:40:23');
INSERT INTO car (id_car, vin, brand, year, color, id_brand, price, car_date, car_datetime) VALUES (24, 'f199ec5c', 'Jaguar', '1961', 'Green', 21, 7997306.64, '2015-02-15', '2015-04-16 15:40:23');
INSERT INTO car (id_car, vin, brand, year, color, id_brand, price, car_date, car_datetime) VALUES (25, 'b34cd9e8', 'VW', '1993', 'Silver', 17, 8330527.75, '2015-02-15', '2015-04-16 15:40:23');
INSERT INTO car (id_car, vin, brand, year, color, id_brand, price, car_date, car_datetime) VALUES (26, '5dd8766e', 'Honda', '1998', 'Orange', 22, 8663748.86, '2015-02-15', '2015-04-16 15:40:23');
INSERT INTO car (id_car, vin, brand, year, color, id_brand, price, car_date, car_datetime) VALUES (27, 'df50ce22', 'Mercedes', '1964', 'White', 20, 8996969.97, '2015-02-15', '2015-04-16 15:40:23');
INSERT INTO car (id_car, vin, brand, year, color, id_brand, price, car_date, car_datetime) VALUES (28, '54b20b02', 'Renault', '1967', 'Brownddd', 18, 9330191.08, '2015-02-15', '2015-04-16 15:40:23');
INSERT INTO car (id_car, vin, brand, year, color, id_brand, price, car_date, car_datetime) VALUES (29, 'ecb3e9e1', 'Honda', '2003', 'Silver', 22, 9663412.19, '2015-02-15', '2015-04-16 15:40:23');
INSERT INTO car (id_car, vin, brand, year, color, id_brand, price, car_date, car_datetime) VALUES (30, '750d731d', 'Renault', '1962', 'Blue', 18, 9996633.30, '2015-02-15', '2015-04-16 15:40:23');
INSERT INTO car (id_car, vin, brand, year, color, id_brand, price, car_date, car_datetime) VALUES (31, 'bec38cf4', 'Renault', '1960', 'Blue', 18, 10329854.41, '2015-02-15', '2015-04-16 15:40:23');
INSERT INTO car (id_car, vin, brand, year, color, id_brand, price, car_date, car_datetime) VALUES (32, 'b7752002', 'Jaguar', '1964', 'Black', 21, 10663075.52, '2015-02-15', '2015-04-16 15:40:23');
INSERT INTO car (id_car, vin, brand, year, color, id_brand, price, car_date, car_datetime) VALUES (33, '315fe9c4', 'Fiat', '1985', 'Red', 16, 10996296.63, '2015-02-15', '2015-04-16 15:40:23');
INSERT INTO car (id_car, vin, brand, year, color, id_brand, price, car_date, car_datetime) VALUES (34, 'be65f786', 'Mercedes', '1963', 'Orange', 20, 11329517.74, '2015-02-15', '2015-04-16 15:40:23');
INSERT INTO car (id_car, vin, brand, year, color, id_brand, price, car_date, car_datetime) VALUES (35, '786a7d57', 'Mercedes', '2003', 'Black', 20, 11662738.85, '2015-02-15', '2015-04-16 15:40:23');
INSERT INTO car (id_car, vin, brand, year, color, id_brand, price, car_date, car_datetime) VALUES (36, 'a3aee412', 'Volvo', '2003', 'Maroon', 23, 11995959.96, '2015-02-15', '2015-04-16 15:40:23');
INSERT INTO car (id_car, vin, brand, year, color, id_brand, price, car_date, car_datetime) VALUES (37, '749e6bdd', 'Audi', '1995', 'Brown', 24, 12329181.07, '2015-02-15', '2015-04-16 15:40:23');
INSERT INTO car (id_car, vin, brand, year, color, id_brand, price, car_date, car_datetime) VALUES (38, '8cc40f50', 'BMW', '1961', 'Brown', 19, 12662402.18, '2015-02-15', '2015-04-16 15:40:23');
INSERT INTO car (id_car, vin, brand, year, color, id_brand, price, car_date, car_datetime) VALUES (39, '5de63a6f', 'Renault', '1961', 'White', 18, 12995623.29, '2015-02-15', '2015-04-16 15:40:23');
INSERT INTO car (id_car, vin, brand, year, color, id_brand, price, car_date, car_datetime) VALUES (40, 'bdae1e20', 'Jaguar', '2008', 'Blue', 21, 13328844.40, '2015-02-15', '2015-04-16 15:40:23');
INSERT INTO car (id_car, vin, brand, year, color, id_brand, price, car_date, car_datetime) VALUES (41, '290cc891', 'VW', '1992', 'Brown', 17, 13662065.51, '2015-02-15', '2015-04-16 15:40:23');
INSERT INTO car (id_car, vin, brand, year, color, id_brand, price, car_date, car_datetime) VALUES (42, '007e1014', 'Renault', '1966', 'Black', 18, 13995286.62, '2015-02-15', '2015-04-16 15:40:23');
INSERT INTO car (id_car, vin, brand, year, color, id_brand, price, car_date, car_datetime) VALUES (43, '429c502d', 'Honda', '1995', 'Silver', 22, 14328507.73, '2015-02-15', '2015-04-16 15:40:23');
INSERT INTO car (id_car, vin, brand, year, color, id_brand, price, car_date, car_datetime) VALUES (44, 'c336f9b6', 'Honda', '1991', 'Maroon', 22, 14661728.84, '2015-02-15', '2015-04-16 15:40:23');
INSERT INTO car (id_car, vin, brand, year, color, id_brand, price, car_date, car_datetime) VALUES (45, '2ddaf8d5', 'Volvo', '1982', 'Blue', 23, 14994949.95, '2015-02-15', '2015-04-16 15:40:23');
INSERT INTO car (id_car, vin, brand, year, color, id_brand, price, car_date, car_datetime) VALUES (46, 'c09c4b15', 'VW', '1991', 'Blue', 17, 15328171.06, '2015-02-15', '2015-04-16 15:40:23');
INSERT INTO car (id_car, vin, brand, year, color, id_brand, price, car_date, car_datetime) VALUES (47, '4609844c', 'Honda', '1972', 'Black', 22, 15661392.17, '2015-02-15', '2015-04-16 15:40:23');
INSERT INTO car (id_car, vin, brand, year, color, id_brand, price, car_date, car_datetime) VALUES (48, '8db7df27', 'Audi', '1982', 'Blue', 24, 15994613.28, '2015-02-15', '2015-04-16 15:40:23');
INSERT INTO car (id_car, vin, brand, year, color, id_brand, price, car_date, car_datetime) VALUES (49, 'dcc58086', 'Audi', '2001', 'Brown', 24, 16327834.39, '2015-02-15', '2015-04-16 15:40:23');
INSERT INTO car (id_car, vin, brand, year, color, id_brand, price, car_date, car_datetime) VALUES (50, 'a6783ba3', 'Honda', '2004', 'Yellow', 22, 16661055.50, '2015-02-15', '2015-04-16 15:40:23');
INSERT INTO car (id_car, vin, brand, year, color, id_brand, price, car_date, car_datetime) VALUES (51, 'f1274cbe', 'Fiat', '1995', 'Silver', 16, 16994276.61, '2015-02-15', '2015-04-16 15:40:23');
INSERT INTO car (id_car, vin, brand, year, color, id_brand, price, car_date, car_datetime) VALUES (52, '0858a5d4', 'Renault', '1992', 'Green', 18, 17327497.72, '2015-02-15', '2015-04-16 15:40:23');
INSERT INTO car (id_car, vin, brand, year, color, id_brand, price, car_date, car_datetime) VALUES (53, 'c2d42bb6', 'Volvo', '1972', 'Green', 23, 17660718.83, '2015-02-15', '2015-04-16 15:40:23');
INSERT INTO car (id_car, vin, brand, year, color, id_brand, price, car_date, car_datetime) VALUES (54, '5535cd5a', 'Renault', '1980', 'Silver', 18, 17993939.94, '2015-02-15', '2015-04-16 15:40:23');
INSERT INTO car (id_car, vin, brand, year, color, id_brand, price, car_date, car_datetime) VALUES (55, 'e3313e1e', 'Honda', '2009', 'Orange', 22, 18327161.05, '2015-02-15', '2015-04-16 15:40:23');
INSERT INTO car (id_car, vin, brand, year, color, id_brand, price, car_date, car_datetime) VALUES (56, 'f4dea691', 'BMW', '2002', 'Brown', 19, 18660382.16, '2015-02-15', '2015-04-16 15:40:23');
INSERT INTO car (id_car, vin, brand, year, color, id_brand, price, car_date, car_datetime) VALUES (57, 'ec15a449', 'Honda', '1990', 'Yellow', 22, 18993603.27, '2015-02-15', '2015-04-16 15:40:23');
INSERT INTO car (id_car, vin, brand, year, color, id_brand, price, car_date, car_datetime) VALUES (58, '80b74a0e', 'BMW', '1979', 'Yellow', 19, 19326824.38, '2015-02-15', '2015-04-16 15:40:23');
INSERT INTO car (id_car, vin, brand, year, color, id_brand, price, car_date, car_datetime) VALUES (59, '513fe268', 'Honda', '1987', 'White', 22, 19660045.49, '2015-02-15', '2015-04-16 15:40:23');
INSERT INTO car (id_car, vin, brand, year, color, id_brand, price, car_date, car_datetime) VALUES (60, '6934c8f8', 'Renault', '1989', 'Red', 18, 19993266.60, '2015-02-15', '2015-04-16 15:40:23');
INSERT INTO car (id_car, vin, brand, year, color, id_brand, price, car_date, car_datetime) VALUES (61, '6a4c3ad0', 'Honda', '1994', 'Yellow', 22, 20326487.71, '2015-02-15', '2015-04-16 15:40:23');
INSERT INTO car (id_car, vin, brand, year, color, id_brand, price, car_date, car_datetime) VALUES (62, 'e0acd7b5', 'Mercedes', '1965', 'Red', 20, 20659708.82, '2015-02-15', '2015-04-16 15:40:23');
INSERT INTO car (id_car, vin, brand, year, color, id_brand, price, car_date, car_datetime) VALUES (63, '2f31ac35', 'Jaguar', '1991', 'Brown', 21, 20992929.93, '2015-02-15', '2015-04-16 15:40:23');
INSERT INTO car (id_car, vin, brand, year, color, id_brand, price, car_date, car_datetime) VALUES (64, '36104237', 'VW', '1992', 'Silver', 17, 21326151.04, '2015-02-15', '2015-04-16 15:40:23');
INSERT INTO car (id_car, vin, brand, year, color, id_brand, price, car_date, car_datetime) VALUES (65, '5be099b4', 'BMW', '1991', 'Yellow', 19, 21659372.15, '2015-02-15', '2015-04-16 15:40:23');
INSERT INTO car (id_car, vin, brand, year, color, id_brand, price, car_date, car_datetime) VALUES (66, 'e2f55f31', 'BMW', '1967', 'Silver', 19, 21992593.26, '2015-02-15', '2015-04-16 15:40:23');
INSERT INTO car (id_car, vin, brand, year, color, id_brand, price, car_date, car_datetime) VALUES (67, '11274338', 'Mercedes', '1999', 'Blue', 20, 22325814.37, '2015-02-15', '2015-04-16 15:40:23');
INSERT INTO car (id_car, vin, brand, year, color, id_brand, price, car_date, car_datetime) VALUES (68, 'f710e177', 'Fiat', '2007', 'White', 16, 22659035.48, '2015-02-15', '2015-04-16 15:40:23');
INSERT INTO car (id_car, vin, brand, year, color, id_brand, price, car_date, car_datetime) VALUES (69, 'd8375b4b', 'Volvo', '1977', 'Blue', 23, 22992256.59, '2015-02-15', '2015-04-16 15:40:23');
INSERT INTO car (id_car, vin, brand, year, color, id_brand, price, car_date, car_datetime) VALUES (70, 'a27ddfe3', 'VW', '1978', 'Blue', 17, 23325477.70, '2015-02-15', '2015-04-16 15:40:23');
INSERT INTO car (id_car, vin, brand, year, color, id_brand, price, car_date, car_datetime) VALUES (71, 'd8848162', 'BMW', '2008', 'Black', 19, 23658698.81, '2015-02-15', '2015-04-16 15:40:23');
INSERT INTO car (id_car, vin, brand, year, color, id_brand, price, car_date, car_datetime) VALUES (72, 'e9cb3677', 'BMW', '2004', 'Black', 19, 23991919.92, '2015-02-15', '2015-04-16 15:40:23');
INSERT INTO car (id_car, vin, brand, year, color, id_brand, price, car_date, car_datetime) VALUES (73, 'c9dc321d', 'BMW', '1989', 'Red', 19, 24325141.03, '2015-02-15', '2015-04-16 15:40:23');
INSERT INTO car (id_car, vin, brand, year, color, id_brand, price, car_date, car_datetime) VALUES (74, '4c75c610', 'Volvo', '1972', 'Yellow', 23, 24658362.14, '2015-02-15', '2015-04-16 15:40:23');
INSERT INTO car (id_car, vin, brand, year, color, id_brand, price, car_date, car_datetime) VALUES (75, '1c90c93d', 'Audi', '2004', 'Silver', 24, 24991583.25, '2015-02-15', '2015-04-16 15:40:23');
INSERT INTO car (id_car, vin, brand, year, color, id_brand, price, car_date, car_datetime) VALUES (76, '5ccc9f7f', 'Jaguar', '1961', 'Red', 21, 25324804.36, '2015-02-15', '2015-04-16 15:40:23');
INSERT INTO car (id_car, vin, brand, year, color, id_brand, price, car_date, car_datetime) VALUES (77, '94498bc0', 'Fiat', '1965', 'Silver', 16, 25658025.47, '2015-02-15', '2015-04-16 15:40:23');
INSERT INTO car (id_car, vin, brand, year, color, id_brand, price, car_date, car_datetime) VALUES (78, '1d1a21f3', 'Honda', '1985', 'Red', 22, 25991246.58, '2015-02-15', '2015-04-16 15:40:23');
INSERT INTO car (id_car, vin, brand, year, color, id_brand, price, car_date, car_datetime) VALUES (79, 'ea463ad3', 'BMW', '1992', 'Blue', 19, 26324467.69, '2015-02-15', '2015-04-16 15:40:23');
INSERT INTO car (id_car, vin, brand, year, color, id_brand, price, car_date, car_datetime) VALUES (80, 'af3b744b', 'Audi', '1998', 'Green', 24, 26657688.80, '2015-02-15', '2015-04-16 15:40:23');
INSERT INTO car (id_car, vin, brand, year, color, id_brand, price, car_date, car_datetime) VALUES (81, '6ef9dbf3', 'Fiat', '1962', 'Orange', 16, 26990909.91, '2015-02-15', '2015-04-16 15:40:23');
INSERT INTO car (id_car, vin, brand, year, color, id_brand, price, car_date, car_datetime) VALUES (82, 'c24bdeb2', 'Honda', '1991', 'Red', 22, 27324131.02, '2015-02-15', '2015-04-16 15:40:23');
INSERT INTO car (id_car, vin, brand, year, color, id_brand, price, car_date, car_datetime) VALUES (83, 'bebd5a96', 'Jaguar', '1989', 'Black', 21, 27657352.13, '2015-02-15', '2015-04-16 15:40:23');
INSERT INTO car (id_car, vin, brand, year, color, id_brand, price, car_date, car_datetime) VALUES (84, 'eede8f1e', 'Jaguar', '1977', 'Brown', 21, 27990573.24, '2015-02-15', '2015-04-16 15:40:23');
INSERT INTO car (id_car, vin, brand, year, color, id_brand, price, car_date, car_datetime) VALUES (85, '9d11b02d', 'BMW', '1971', 'Yellow', 19, 28323794.35, '2015-02-15', '2015-04-16 15:40:23');
INSERT INTO car (id_car, vin, brand, year, color, id_brand, price, car_date, car_datetime) VALUES (86, '1d4223a1', 'Mercedes', '1975', 'Brown', 20, 28657015.46, '2015-02-15', '2015-04-16 15:40:23');
INSERT INTO car (id_car, vin, brand, year, color, id_brand, price, car_date, car_datetime) VALUES (87, '4d118346', 'Mercedes', '1985', 'Brown', 20, 28990236.57, '2015-02-15', '2015-04-16 15:40:23');
INSERT INTO car (id_car, vin, brand, year, color, id_brand, price, car_date, car_datetime) VALUES (88, 'cce76f06', 'Honda', '1980', 'Maroon', 22, 29323457.68, '2015-02-15', '2015-04-16 15:40:23');
INSERT INTO car (id_car, vin, brand, year, color, id_brand, price, car_date, car_datetime) VALUES (89, '2af398ed', 'Renault', '1970', 'Yellow', 18, 29656678.79, '2015-02-15', '2015-04-16 15:40:23');
INSERT INTO car (id_car, vin, brand, year, color, id_brand, price, car_date, car_datetime) VALUES (90, 'c0ddab4c', 'Audi', '2003', 'Silver', 24, 29989899.90, '2015-02-15', '2015-04-16 15:40:23');
INSERT INTO car (id_car, vin, brand, year, color, id_brand, price, car_date, car_datetime) VALUES (91, 'a27ea639', 'Mercedes', '1968', 'Yellow', 20, 30323121.01, '2015-02-15', '2015-04-16 15:40:23');
INSERT INTO car (id_car, vin, brand, year, color, id_brand, price, car_date, car_datetime) VALUES (92, 'e6441f09', 'Jaguar', '1982', 'Green', 21, 30656342.12, '2015-02-15', '2015-04-16 15:40:23');
INSERT INTO car (id_car, vin, brand, year, color, id_brand, price, car_date, car_datetime) VALUES (93, 'c4c59d58', 'Fiat', '2005', 'Orange', 16, 30989563.23, '2015-02-15', '2015-04-16 15:40:23');
INSERT INTO car (id_car, vin, brand, year, color, id_brand, price, car_date, car_datetime) VALUES (94, '9d31fc0a', 'Mercedes', '1974', 'Brown', 20, 31322784.34, '2015-02-15', '2015-04-16 15:40:23');
INSERT INTO car (id_car, vin, brand, year, color, id_brand, price, car_date, car_datetime) VALUES (95, 'b0ffce2d', 'Volvo', '1966', 'Yellow', 23, 31656005.45, '2015-02-15', '2015-04-16 15:40:23');
INSERT INTO car (id_car, vin, brand, year, color, id_brand, price, car_date, car_datetime) VALUES (96, 'ca7e52e3', 'Honda', '1971', 'Orange', 22, 31989226.56, '2015-02-15', '2015-04-16 15:40:23');
INSERT INTO car (id_car, vin, brand, year, color, id_brand, price, car_date, car_datetime) VALUES (97, 'ba045e1e', 'Jaguar', '1968', 'White', 21, 32322447.67, '2015-02-15', '2015-04-16 15:40:23');
INSERT INTO car (id_car, vin, brand, year, color, id_brand, price, car_date, car_datetime) VALUES (98, 'fd579989', 'BMW', '1975', 'Black', 19, 32655668.78, '2015-02-15', '2015-04-16 15:40:23');
INSERT INTO car (id_car, vin, brand, year, color, id_brand, price, car_date, car_datetime) VALUES (99, '084850a3', 'Audi', '1990', 'Red', 24, 32988889.89, '2015-02-15', '2015-04-16 15:40:23');
INSERT INTO car (id_car, vin, brand, year, color, id_brand, price, car_date, car_datetime) VALUES (100, '56b36f0e', 'Mercedes', '2008', 'Orange', 20, 33322111.00, '2015-02-15', '2015-04-16 15:40:23');
INSERT INTO car (id_car, vin, brand, year, color, id_brand, price, car_date, car_datetime) VALUES (101, 'e39245ab', 'BMW', '1969', 'White', 19, 33655332.11, '2015-02-15', '2015-04-16 15:40:23');
INSERT INTO car (id_car, vin, brand, year, color, id_brand, price, car_date, car_datetime) VALUES (102, '41ab14a1', 'Jaguar', '1987', 'Silver', 21, 33988553.22, '2015-02-15', '2015-04-16 15:40:23');
INSERT INTO car (id_car, vin, brand, year, color, id_brand, price, car_date, car_datetime) VALUES (103, '7ec4c1c0', 'Jaguar', '1980', 'Black', 21, 34321774.33, '2015-02-15', '2015-04-16 15:40:23');
INSERT INTO car (id_car, vin, brand, year, color, id_brand, price, car_date, car_datetime) VALUES (104, 'bf1c14aa', 'Audi', '1984', 'Yellow', 24, 34654995.44, '2015-02-15', '2015-04-16 15:40:23');
INSERT INTO car (id_car, vin, brand, year, color, id_brand, price, car_date, car_datetime) VALUES (105, 'adeff567', 'Volvo', '2000', 'Brown', 23, 34988216.55, '2015-02-15', '2015-04-16 15:40:23');
INSERT INTO car (id_car, vin, brand, year, color, id_brand, price, car_date, car_datetime) VALUES (106, '61e5e07d', 'Mercedes', '1978', 'Orange', 20, 35321437.66, '2015-02-15', '2015-04-16 15:40:23');
INSERT INTO car (id_car, vin, brand, year, color, id_brand, price, car_date, car_datetime) VALUES (107, '7555e46a', 'Audi', '1966', 'Blue', 24, 35654658.77, '2015-02-15', '2015-04-16 15:40:23');
INSERT INTO car (id_car, vin, brand, year, color, id_brand, price, car_date, car_datetime) VALUES (108, '95babbd1', 'Honda', '1998', 'Black', 22, 35987879.88, '2015-02-15', '2015-04-16 15:40:23');
INSERT INTO car (id_car, vin, brand, year, color, id_brand, price, car_date, car_datetime) VALUES (109, 'ff6885f7', 'Audi', '1996', 'White', 24, 36321100.99, '2015-02-15', '2015-04-16 15:40:23');
INSERT INTO car (id_car, vin, brand, year, color, id_brand, price, car_date, car_datetime) VALUES (110, '5b5a0031', 'Audi', '1968', 'Brown', 24, 36654322.10, '2015-02-15', '2015-04-16 15:40:23');
INSERT INTO car (id_car, vin, brand, year, color, id_brand, price, car_date, car_datetime) VALUES (111, 'de63c575', 'Mercedes', '1989', 'Yellow', 20, 36987543.21, '2015-02-15', '2015-04-16 15:40:23');
INSERT INTO car (id_car, vin, brand, year, color, id_brand, price, car_date, car_datetime) VALUES (112, 'd2d2e8d4', 'Fiat', '1985', 'Green', 16, 37320764.32, '2015-02-15', '2015-04-16 15:40:23');
INSERT INTO car (id_car, vin, brand, year, color, id_brand, price, car_date, car_datetime) VALUES (113, 'edcab1f7', 'VW', '1979', 'Silver', 17, 37653985.43, '2015-02-15', '2015-04-16 15:40:23');
INSERT INTO car (id_car, vin, brand, year, color, id_brand, price, car_date, car_datetime) VALUES (114, '6bf3bfbc', 'Audi', '1968', 'Green', 24, 37987206.54, '2015-02-15', '2015-04-16 15:40:23');
INSERT INTO car (id_car, vin, brand, year, color, id_brand, price, car_date, car_datetime) VALUES (115, 'de2a7b08', 'Honda', '2007', 'Blue', 22, 38320427.65, '2015-02-15', '2015-04-16 15:40:23');
INSERT INTO car (id_car, vin, brand, year, color, id_brand, price, car_date, car_datetime) VALUES (116, '717b8282', 'BMW', '1999', 'Yellow', 19, 38653648.76, '2015-02-15', '2015-04-16 15:40:23');
INSERT INTO car (id_car, vin, brand, year, color, id_brand, price, car_date, car_datetime) VALUES (117, '790e7f03', 'Volvo', '1983', 'White', 23, 38986869.87, '2015-02-15', '2015-04-16 15:40:23');
INSERT INTO car (id_car, vin, brand, year, color, id_brand, price, car_date, car_datetime) VALUES (118, '03234e20', 'Mercedes', '1962', 'Orange', 20, 39320090.98, '2015-02-15', '2015-04-16 15:40:23');
INSERT INTO car (id_car, vin, brand, year, color, id_brand, price, car_date, car_datetime) VALUES (119, '8eefb223', 'Jaguar', '1983', 'Silver', 21, 39653312.09, '2015-02-15', '2015-04-16 15:40:23');
INSERT INTO car (id_car, vin, brand, year, color, id_brand, price, car_date, car_datetime) VALUES (120, '5e524acd', 'Jaguar', '1994', 'Maroon', 21, 39986533.20, '2015-02-15', '2015-04-16 15:40:23');
INSERT INTO car (id_car, vin, brand, year, color, id_brand, price, car_date, car_datetime) VALUES (121, '26b1aff9', 'BMW', '1965', 'Black', 19, 40319754.31, '2015-02-15', '2015-04-16 15:40:23');
INSERT INTO car (id_car, vin, brand, year, color, id_brand, price, car_date, car_datetime) VALUES (122, 'c007a623', 'Renault', '1968', 'Maroon', 18, 40652975.42, '2015-02-15', '2015-04-16 15:40:23');
INSERT INTO car (id_car, vin, brand, year, color, id_brand, price, car_date, car_datetime) VALUES (123, '76733e83', 'Honda', '1991', 'White', 22, 40986196.53, '2015-02-15', '2015-04-16 15:40:23');
INSERT INTO car (id_car, vin, brand, year, color, id_brand, price, car_date, car_datetime) VALUES (124, 'ef3c14f7', 'Fiat', '1987', 'Brown', 16, 41319417.64, '2015-02-15', '2015-04-16 15:40:23');
INSERT INTO car (id_car, vin, brand, year, color, id_brand, price, car_date, car_datetime) VALUES (125, '2b4ca005', 'Honda', '2009', 'Silver', 22, 41652638.75, '2015-02-15', '2015-04-16 15:40:23');
INSERT INTO car (id_car, vin, brand, year, color, id_brand, price, car_date, car_datetime) VALUES (126, '8191dbb6', 'BMW', '2005', 'Black', 19, 41985859.86, '2015-02-15', '2015-04-16 15:40:23');
INSERT INTO car (id_car, vin, brand, year, color, id_brand, price, car_date, car_datetime) VALUES (127, 'f6b3bd94', 'Renault', '1967', 'Yellow', 18, 42319080.97, '2015-02-15', '2015-04-16 15:40:23');
INSERT INTO car (id_car, vin, brand, year, color, id_brand, price, car_date, car_datetime) VALUES (128, 'abb19f41', 'Volvo', '1975', 'Blue', 23, 42652302.08, '2015-02-15', '2015-04-16 15:40:23');
INSERT INTO car (id_car, vin, brand, year, color, id_brand, price, car_date, car_datetime) VALUES (129, '7470c95f', 'Renault', '1996', 'Black', 18, 42985523.19, '2015-02-15', '2015-04-16 15:40:23');
INSERT INTO car (id_car, vin, brand, year, color, id_brand, price, car_date, car_datetime) VALUES (130, '5f1b57a3', 'Volvo', '1986', 'Red', 23, 43318744.30, '2015-02-15', '2015-04-16 15:40:23');
INSERT INTO car (id_car, vin, brand, year, color, id_brand, price, car_date, car_datetime) VALUES (131, 'ed47a74b', 'BMW', '2007', 'Brown', 19, 43651965.41, '2015-02-15', '2015-04-16 15:40:23');
INSERT INTO car (id_car, vin, brand, year, color, id_brand, price, car_date, car_datetime) VALUES (132, 'ed6030f7', 'Honda', '1990', 'Red', 22, 43985186.52, '2015-02-15', '2015-04-16 15:40:23');
INSERT INTO car (id_car, vin, brand, year, color, id_brand, price, car_date, car_datetime) VALUES (133, '944c71dc', 'Mercedes', '1991', 'Silver', 20, 44318407.63, '2015-02-15', '2015-04-16 15:40:23');
INSERT INTO car (id_car, vin, brand, year, color, id_brand, price, car_date, car_datetime) VALUES (134, 'c7d838a5', 'VW', '1980', 'Yellow', 17, 44651628.74, '2015-02-15', '2015-04-16 15:40:23');
INSERT INTO car (id_car, vin, brand, year, color, id_brand, price, car_date, car_datetime) VALUES (135, '712db898', 'Audi', '1965', 'Red', 24, 44984849.85, '2015-02-15', '2015-04-16 15:40:23');
INSERT INTO car (id_car, vin, brand, year, color, id_brand, price, car_date, car_datetime) VALUES (136, '99acc06f', 'BMW', '1995', 'Silver', 19, 45318070.96, '2015-02-15', '2015-04-16 15:40:23');
INSERT INTO car (id_car, vin, brand, year, color, id_brand, price, car_date, car_datetime) VALUES (137, '6c68ffa5', 'Jaguar', '1999', 'Green', 21, 45651292.07, '2015-02-15', '2015-04-16 15:40:23');
INSERT INTO car (id_car, vin, brand, year, color, id_brand, price, car_date, car_datetime) VALUES (138, 'dca5f739', 'Jaguar', '2002', 'Blue', 21, 45984513.18, '2015-02-15', '2015-04-16 15:40:23');
INSERT INTO car (id_car, vin, brand, year, color, id_brand, price, car_date, car_datetime) VALUES (139, '16da6dcb', 'Jaguar', '2006', 'Blue', 21, 46317734.29, '2015-02-15', '2015-04-16 15:40:23');
INSERT INTO car (id_car, vin, brand, year, color, id_brand, price, car_date, car_datetime) VALUES (140, 'fe9ca30c', 'Fiat', '1967', 'Maroon', 16, 46650955.40, '2015-02-15', '2015-04-16 15:40:23');
INSERT INTO car (id_car, vin, brand, year, color, id_brand, price, car_date, car_datetime) VALUES (141, 'f0193ac7', 'Mercedes', '1979', 'Orange', 20, 46984176.51, '2015-02-15', '2015-04-16 15:40:23');
INSERT INTO car (id_car, vin, brand, year, color, id_brand, price, car_date, car_datetime) VALUES (142, '63893922', 'Renault', '1991', 'Brown', 18, 47317397.62, '2015-02-15', '2015-04-16 15:40:23');
INSERT INTO car (id_car, vin, brand, year, color, id_brand, price, car_date, car_datetime) VALUES (143, '145f5551', 'Jaguar', '1993', 'Brown', 21, 47650618.73, '2015-02-15', '2015-04-16 15:40:23');
INSERT INTO car (id_car, vin, brand, year, color, id_brand, price, car_date, car_datetime) VALUES (144, '24714317', 'Mercedes', '1971', 'White', 20, 47983839.84, '2015-02-15', '2015-04-16 15:40:23');
INSERT INTO car (id_car, vin, brand, year, color, id_brand, price, car_date, car_datetime) VALUES (145, '1a9c6e4e', 'Jaguar', '1997', 'Yellow', 21, 48317060.95, '2015-02-15', '2015-04-16 15:40:23');
INSERT INTO car (id_car, vin, brand, year, color, id_brand, price, car_date, car_datetime) VALUES (146, 'c9b7ef72', 'Fiat', '1992', 'Maroon', 16, 48650282.06, '2015-02-15', '2015-04-16 15:40:23');
INSERT INTO car (id_car, vin, brand, year, color, id_brand, price, car_date, car_datetime) VALUES (147, 'b1b6c375', 'Fiat', '1963', 'Silver', 16, 48983503.17, '2015-02-15', '2015-04-16 15:40:23');
INSERT INTO car (id_car, vin, brand, year, color, id_brand, price, car_date, car_datetime) VALUES (148, '7254a003', 'Audi', '1982', 'White', 24, 49316724.28, '2015-02-15', '2015-04-16 15:40:23');
INSERT INTO car (id_car, vin, brand, year, color, id_brand, price, car_date, car_datetime) VALUES (149, '6f0de80f', 'Renault', '1987', 'Blue', 18, 49649945.39, '2015-02-15', '2015-04-16 15:40:23');
INSERT INTO car (id_car, vin, brand, year, color, id_brand, price, car_date, car_datetime) VALUES (150, 'e3048f87', 'Fiat', '1989', 'Blue', 16, 49983166.50, '2015-02-15', '2015-04-16 15:40:23');
INSERT INTO car (id_car, vin, brand, year, color, id_brand, price, car_date, car_datetime) VALUES (151, '361e435a', 'BMW', '1973', 'Green', 19, 50316387.61, '2015-02-15', '2015-04-16 15:40:23');
INSERT INTO car (id_car, vin, brand, year, color, id_brand, price, car_date, car_datetime) VALUES (152, '59e6a9f3', 'BMW', '1964', 'Maroon', 19, 50649608.72, '2015-02-15', '2015-04-16 15:40:23');
INSERT INTO car (id_car, vin, brand, year, color, id_brand, price, car_date, car_datetime) VALUES (153, 'b791fe05', 'Mercedes', '1993', 'Yellow', 20, 50982829.83, '2015-02-15', '2015-04-16 15:40:23');
INSERT INTO car (id_car, vin, brand, year, color, id_brand, price, car_date, car_datetime) VALUES (154, '68b0dd88', 'BMW', '2002', 'Green', 19, 51316050.94, '2015-02-15', '2015-04-16 15:40:23');
INSERT INTO car (id_car, vin, brand, year, color, id_brand, price, car_date, car_datetime) VALUES (155, '5b439d1f', 'BMW', '1964', 'Maroon', 19, 51649272.05, '2015-02-15', '2015-04-16 15:40:23');
INSERT INTO car (id_car, vin, brand, year, color, id_brand, price, car_date, car_datetime) VALUES (156, '9a7ac9e3', 'Renault', '1988', 'White', 18, 51982493.16, '2015-02-15', '2015-04-16 15:40:23');
INSERT INTO car (id_car, vin, brand, year, color, id_brand, price, car_date, car_datetime) VALUES (157, 'd214751d', 'Honda', '1997', 'White', 22, 52315714.27, '2015-02-15', '2015-04-16 15:40:23');
INSERT INTO car (id_car, vin, brand, year, color, id_brand, price, car_date, car_datetime) VALUES (158, '72229390', 'Mercedes', '1996', 'White', 20, 52648935.38, '2015-02-15', '2015-04-16 15:40:23');
INSERT INTO car (id_car, vin, brand, year, color, id_brand, price, car_date, car_datetime) VALUES (159, 'b5fbbeee', 'VW', '1999', 'Brown', 17, 52982156.49, '2015-02-15', '2015-04-16 15:40:23');
INSERT INTO car (id_car, vin, brand, year, color, id_brand, price, car_date, car_datetime) VALUES (160, '8972b543', 'Audi', '1973', 'Black', 24, 53315377.60, '2015-02-15', '2015-04-16 15:40:23');
INSERT INTO car (id_car, vin, brand, year, color, id_brand, price, car_date, car_datetime) VALUES (161, '7bc21024', 'Renault', '1980', 'Yellow', 18, 53648598.71, '2015-02-15', '2015-04-16 15:40:23');
INSERT INTO car (id_car, vin, brand, year, color, id_brand, price, car_date, car_datetime) VALUES (162, '5d661964', 'Renault', '2005', 'Silver', 18, 53981819.82, '2015-02-15', '2015-04-16 15:40:23');
INSERT INTO car (id_car, vin, brand, year, color, id_brand, price, car_date, car_datetime) VALUES (163, 'a6ccc2d8', 'Honda', '1994', 'Blue', 22, 54315040.93, '2015-02-15', '2015-04-16 15:40:23');
INSERT INTO car (id_car, vin, brand, year, color, id_brand, price, car_date, car_datetime) VALUES (164, 'c1f15f28', 'Volvo', '1999', 'Black', 23, 54648262.04, '2015-02-15', '2015-04-16 15:40:23');
INSERT INTO car (id_car, vin, brand, year, color, id_brand, price, car_date, car_datetime) VALUES (165, '161512ce', 'VW', '1962', 'Black', 17, 54981483.15, '2015-02-15', '2015-04-16 15:40:23');
INSERT INTO car (id_car, vin, brand, year, color, id_brand, price, car_date, car_datetime) VALUES (166, '16e0b448', 'Fiat', '1990', 'Green', 16, 55314704.26, '2015-02-15', '2015-04-16 15:40:23');
INSERT INTO car (id_car, vin, brand, year, color, id_brand, price, car_date, car_datetime) VALUES (167, 'f0734442', 'Audi', '1966', 'Orange', 24, 55647925.37, '2015-02-15', '2015-04-16 15:40:23');
INSERT INTO car (id_car, vin, brand, year, color, id_brand, price, car_date, car_datetime) VALUES (168, '5e233279', 'Audi', '1964', 'Green', 24, 55981146.48, '2015-02-15', '2015-04-16 15:40:23');
INSERT INTO car (id_car, vin, brand, year, color, id_brand, price, car_date, car_datetime) VALUES (169, '1de720b2', 'Renault', '2003', 'Orange', 18, 56314367.59, '2015-02-15', '2015-04-16 15:40:23');
INSERT INTO car (id_car, vin, brand, year, color, id_brand, price, car_date, car_datetime) VALUES (170, '46efaeb2', 'Jaguar', '1993', 'Green', 21, 56647588.70, '2015-02-15', '2015-04-16 15:40:23');
INSERT INTO car (id_car, vin, brand, year, color, id_brand, price, car_date, car_datetime) VALUES (171, '88f2354c', 'Jaguar', '2006', 'Black', 21, 56980809.81, '2015-02-15', '2015-04-16 15:40:23');
INSERT INTO car (id_car, vin, brand, year, color, id_brand, price, car_date, car_datetime) VALUES (172, '04819fd6', 'Mercedes', '1983', 'White', 20, 57314030.92, '2015-02-15', '2015-04-16 15:40:23');
INSERT INTO car (id_car, vin, brand, year, color, id_brand, price, car_date, car_datetime) VALUES (173, '401771c8', 'Volvo', '1962', 'Silver', 23, 57647252.03, '2015-02-15', '2015-04-16 15:40:23');
INSERT INTO car (id_car, vin, brand, year, color, id_brand, price, car_date, car_datetime) VALUES (174, '8600877b', 'VW', '1996', 'Black', 17, 57980473.14, '2015-02-15', '2015-04-16 15:40:23');
INSERT INTO car (id_car, vin, brand, year, color, id_brand, price, car_date, car_datetime) VALUES (175, '946bd645', 'Honda', '1991', 'Red', 22, 58313694.25, '2015-02-15', '2015-04-16 15:40:23');
INSERT INTO car (id_car, vin, brand, year, color, id_brand, price, car_date, car_datetime) VALUES (176, 'ad078e69', 'Fiat', '1991', 'Brown', 16, 58646915.36, '2015-02-15', '2015-04-16 15:40:23');
INSERT INTO car (id_car, vin, brand, year, color, id_brand, price, car_date, car_datetime) VALUES (177, '93138901', 'Mercedes', '1961', 'Silver', 20, 58980136.47, '2015-02-15', '2015-04-16 15:40:23');
INSERT INTO car (id_car, vin, brand, year, color, id_brand, price, car_date, car_datetime) VALUES (178, 'f365dfa4', 'Mercedes', '1980', 'Black', 20, 59313357.58, '2015-02-15', '2015-04-16 15:40:23');
INSERT INTO car (id_car, vin, brand, year, color, id_brand, price, car_date, car_datetime) VALUES (179, '22647161', 'Audi', '2007', 'Blue', 24, 59646578.69, '2015-02-15', '2015-04-16 15:40:23');
INSERT INTO car (id_car, vin, brand, year, color, id_brand, price, car_date, car_datetime) VALUES (180, '92d1ee27', 'Jaguar', '1977', 'Silver', 21, 59979799.80, '2015-02-15', '2015-04-16 15:40:23');
INSERT INTO car (id_car, vin, brand, year, color, id_brand, price, car_date, car_datetime) VALUES (181, '137c2b3a', 'Honda', '1970', 'Blue', 22, 60313020.91, '2015-02-15', '2015-04-16 15:40:23');
INSERT INTO car (id_car, vin, brand, year, color, id_brand, price, car_date, car_datetime) VALUES (182, 'b05b5235', 'BMW', '1967', 'Yellow', 19, 60646242.02, '2015-02-15', '2015-04-16 15:40:23');
INSERT INTO car (id_car, vin, brand, year, color, id_brand, price, car_date, car_datetime) VALUES (183, '1afbf400', 'Audi', '1966', 'Maroon', 24, 60979463.13, '2015-02-15', '2015-04-16 15:40:23');
INSERT INTO car (id_car, vin, brand, year, color, id_brand, price, car_date, car_datetime) VALUES (184, '8530ae50', 'BMW', '1979', 'Brown', 19, 61312684.24, '2015-02-15', '2015-04-16 15:40:23');
INSERT INTO car (id_car, vin, brand, year, color, id_brand, price, car_date, car_datetime) VALUES (185, 'c9a487a3', 'Volvo', '1981', 'Silver', 23, 61645905.35, '2015-02-15', '2015-04-16 15:40:23');
INSERT INTO car (id_car, vin, brand, year, color, id_brand, price, car_date, car_datetime) VALUES (186, '5cb0bed6', 'Honda', '1962', 'Orange', 22, 61979126.46, '2015-02-15', '2015-04-16 15:40:23');
INSERT INTO car (id_car, vin, brand, year, color, id_brand, price, car_date, car_datetime) VALUES (187, 'cf7d0b45', 'Fiat', '1997', 'Green', 16, 62312347.57, '2015-02-15', '2015-04-16 15:40:23');
INSERT INTO car (id_car, vin, brand, year, color, id_brand, price, car_date, car_datetime) VALUES (188, 'bc762dd0', 'Jaguar', '2000', 'Yellow', 21, 62645568.68, '2015-02-15', '2015-04-16 15:40:23');
INSERT INTO car (id_car, vin, brand, year, color, id_brand, price, car_date, car_datetime) VALUES (189, '97207a61', 'VW', '1976', 'Blue', 17, 62978789.79, '2015-02-15', '2015-04-16 15:40:23');
INSERT INTO car (id_car, vin, brand, year, color, id_brand, price, car_date, car_datetime) VALUES (190, '17680899', 'Mercedes', '2006', 'Silver', 20, 63312010.90, '2015-02-15', '2015-04-16 15:40:23');
INSERT INTO car (id_car, vin, brand, year, color, id_brand, price, car_date, car_datetime) VALUES (191, 'd8a98d30', 'Renault', '1990', 'Green', 18, 63645232.01, '2015-02-15', '2015-04-16 15:40:23');
INSERT INTO car (id_car, vin, brand, year, color, id_brand, price, car_date, car_datetime) VALUES (192, 'ff01ead0', 'Audi', '1962', 'Blue', 24, 63978453.12, '2015-02-15', '2015-04-16 15:40:23');
INSERT INTO car (id_car, vin, brand, year, color, id_brand, price, car_date, car_datetime) VALUES (193, '38b30a61', 'Fiat', '1977', 'White', 16, 64311674.23, '2015-02-15', '2015-04-16 15:40:23');
INSERT INTO car (id_car, vin, brand, year, color, id_brand, price, car_date, car_datetime) VALUES (194, '9a6793c1', 'Renault', '1983', 'Red', 18, 64644895.34, '2015-02-15', '2015-04-16 15:40:23');
INSERT INTO car (id_car, vin, brand, year, color, id_brand, price, car_date, car_datetime) VALUES (195, 'b1f27273', 'Mercedes', '2007', 'Brown', 20, 64978116.45, '2015-02-15', '2015-04-16 15:40:23');
INSERT INTO car (id_car, vin, brand, year, color, id_brand, price, car_date, car_datetime) VALUES (196, '0fa8c1aa', 'Jaguar', '1982', 'Blue', 21, 65311337.56, '2015-02-15', '2015-04-16 15:40:23');
INSERT INTO car (id_car, vin, brand, year, color, id_brand, price, car_date, car_datetime) VALUES (197, 'a7520f42', 'Volvo', '2008', 'Maroon', 23, 65644558.67, '2015-02-15', '2015-04-16 15:40:23');
INSERT INTO car (id_car, vin, brand, year, color, id_brand, price, car_date, car_datetime) VALUES (198, '494eba81', 'BMW', '1966', 'Silver', 19, 65977779.78, '2015-02-15', '2015-04-16 15:40:23');
INSERT INTO car (id_car, vin, brand, year, color, id_brand, price, car_date, car_datetime) VALUES (199, '683535b8', 'Renault', '2003', 'White', 18, 66311000.89, '2015-02-15', '2015-04-16 15:40:23');
INSERT INTO car (id_car, vin, brand, year, color, id_brand, price, car_date, car_datetime) VALUES (200, '62e5d216', 'Audi', '1962', 'Orange', 24, 66644222.00, '2015-02-15', '2015-04-16 15:40:23');
INSERT INTO car (id_car, vin, brand, year, color, id_brand, price, car_date, car_datetime) VALUES (201, '16a65b56', 'Jaguar', '2009', 'Blue', 21, 66977443.11, '2015-02-15', '2015-04-16 15:40:23');
INSERT INTO car (id_car, vin, brand, year, color, id_brand, price, car_date, car_datetime) VALUES (202, 'd00250a3', 'BMW', '1978', 'Blue', 19, 67310664.22, '2015-02-15', '2015-04-16 15:40:23');
INSERT INTO car (id_car, vin, brand, year, color, id_brand, price, car_date, car_datetime) VALUES (203, 'f3c3909d', 'Renault', '2003', 'Green', 18, 67643885.33, '2015-02-15', '2015-04-16 15:40:23');

INSERT INTO drive (id_drive, km, id_car, id_country, city_from, city_to, fuel_price, drive_date, drive_datetime) VALUES (1, 500, 4, 1, 'Bratislava 1', 'Kosice 4', 3.11, '2015-03-15', '2015-05-16 03:03:00');
INSERT INTO drive (id_drive, km, id_car, id_country, city_from, city_to, fuel_price, drive_date, drive_datetime) VALUES (2, 400, 4, 8, 'Vieden 1', 'Linz', 6.22, '2015-03-15', '2015-05-16 03:03:00');
INSERT INTO drive (id_drive, km, id_car, id_country, city_from, city_to, fuel_price, drive_date, drive_datetime) VALUES (3, 200, 4, 2, 'Praha 1', 'Brno', 9.33, '2015-03-25', '2015-05-16 03:03:00');
INSERT INTO drive (id_drive, km, id_car, id_country, city_from, city_to, fuel_price, drive_date, drive_datetime) VALUES (4, 100, 4, 1, 'Sered', 'Trnava', 12.44, '2015-03-15', '2015-05-16 03:03:00');
INSERT INTO drive (id_drive, km, id_car, id_country, city_from, city_to, fuel_price, drive_date, drive_datetime) VALUES (9, 80, 4, 1, 'Michalovce2', 'Kosice', 27.99, '2015-03-15', null);
INSERT INTO drive (id_drive, km, id_car, id_country, city_from, city_to, fuel_price, drive_date, drive_datetime) VALUES (101, 1000, 5, 2, 'Pariz***', 'Londyn', 1.01, '2014-03-10', '2015-05-16 03:03:00');
INSERT INTO drive (id_drive, km, id_car, id_country, city_from, city_to, fuel_price, drive_date, drive_datetime) VALUES (102, 600, 5, 3, 'Madrid***', 'Barcelona', null, '2015-03-19', '2015-05-16 03:03:03');
INSERT INTO drive (id_drive, km, id_car, id_country, city_from, city_to, fuel_price, drive_date, drive_datetime) VALUES (105, null, 5, 1, 'Rim', 'Neapol', 3.03, '2015-03-15', '2015-05-16 03:03:00');
INSERT INTO drive (id_drive, km, id_car, id_country, city_from, city_to, fuel_price, drive_date, drive_datetime) VALUES (106, 1000, 5, 5, 'Kyjev', 'Moskva', 4.04, '2015-03-15', '2015-05-16 03:03:00');

commit;
